<keymap version="1" name="Vlad - win like" parent="Mac OS X">
  <action id="ActivateTerminalToolWindow">
    <keyboard-shortcut first-keystroke="alt f12" />
    <keyboard-shortcut first-keystroke="meta t" />
  </action>
  <action id="ChangesView.SetDefault" />
  <action id="Console.TableResult.SetDefault" />
  <action id="Diff.ApplyLeftSide" />
  <action id="Diff.ApplyRightSide" />
  <action id="Diff.NextChange" />
  <action id="Diff.PrevChange" />
  <action id="EditorMatchBrace">
    <keyboard-shortcut first-keystroke="shift ctrl m" />
  </action>
  <action id="GotoAction">
    <keyboard-shortcut first-keystroke="shift ctrl a" />
  </action>
  <action id="NewElement">
    <keyboard-shortcut first-keystroke="ctrl n" />
    <keyboard-shortcut first-keystroke="ctrl enter" />
    <keyboard-shortcut first-keystroke="meta help" />
  </action>
  <action id="Rerun" />
  <action id="ShowBookmarks" />
  <action id="ShowSettings">
    <keyboard-shortcut first-keystroke="meta comma" />
    <keyboard-shortcut first-keystroke="ctrl meta s" />
  </action>
  <action id="ToggleDistractionFreeMode">
    <keyboard-shortcut first-keystroke="alt 1" />
  </action>
  <action id="TogglePresentationMode">
    <keyboard-shortcut first-keystroke="alt 2" />
  </action>
  <action id="UsageView.Rerun" />
  <action id="Vcs.UpdateProject" />
</keymap>