<application>
  <component name="DimensionService">
    <location key="find.popup.0.0.1920.1080" x="659" y="163" />
    <size key="GridCell.Tab.0.left.0.0.1920.1080" width="1318" height="284" />
    <size key="GridCell.Tab.0.center.0.0.1920.1080" width="1318" height="284" />
    <size key="GridCell.Tab.0.right.0.0.1920.1080" width="1318" height="284" />
    <size key="GridCell.Tab.0.bottom.0.0.1920.1080" width="1318" height="284" />
    <size key="GridCell.Tab.1.left.0.0.1920.1080" width="1318" height="284" />
    <size key="GridCell.Tab.1.center.0.0.1920.1080" width="1318" height="284" />
    <size key="GridCell.Tab.1.right.0.0.1920.1080" width="1318" height="284" />
    <size key="GridCell.Tab.1.bottom.0.0.1920.1080" width="1318" height="284" />
    <size key="GridCell.Tab.3.left.0.0.1920.1080" width="1318" height="284" />
    <size key="GridCell.Tab.3.center.0.0.1920.1080" width="1318" height="284" />
    <size key="GridCell.Tab.3.right.0.0.1920.1080" width="1318" height="284" />
    <size key="GridCell.Tab.3.bottom.0.0.1920.1080" width="1318" height="284" />
    <size key="GridCell.Tab.2.left.0.0.1920.1080" width="1318" height="284" />
    <size key="GridCell.Tab.2.center.0.0.1920.1080" width="1318" height="284" />
    <size key="GridCell.Tab.2.right.0.0.1920.1080" width="1318" height="284" />
    <size key="GridCell.Tab.2.bottom.0.0.1920.1080" width="1318" height="284" />
    <size key="GridCell.Tab.4.left.0.0.1920.1080" width="1318" height="284" />
    <size key="GridCell.Tab.4.center.0.0.1920.1080" width="1318" height="284" />
    <size key="GridCell.Tab.4.right.0.0.1920.1080" width="1318" height="284" />
    <size key="GridCell.Tab.4.bottom.0.0.1920.1080" width="1318" height="284" />
    <size key="find.popup.0.0.1920.1080" width="823" height="810" />
  </component>
  <component name="WindowManager">
    <frame x="141" y="25" width="1517" height="986" />
  </component>
  <component name="WindowStateApplicationService">
    <state width="564" height="147" key="ShowUsagesActions.dimensionServiceKey" timestamp="1771428592945">
      <screen x="0" y="25" width="1920" height="1055" />
    </state>
    <state width="410" height="147" key="ShowUsagesActions.dimensionServiceKey/0.25.1440.806" timestamp="1770401621075" />
    <state width="564" height="147" key="ShowUsagesActions.dimensionServiceKey/200.1105.1440.806/0.25.1920.1055" timestamp="1771428592945" />
    <state x="960" y="485" width="800" height="650" key="WELCOME_SCREEN" timestamp="1770969193851">
      <screen x="0" y="25" width="1920" height="1055" />
    </state>
    <state x="720" y="425" width="800" height="650" key="WELCOME_SCREEN/0.25.1440.875" timestamp="1770304907385" />
    <state x="960" y="485" width="800" height="650" key="WELCOME_SCREEN/200.1105.1440.806/0.25.1920.1055" timestamp="1770969193851" />
    <state x="960" y="485" width="800" height="650" key="WELCOME_SCREEN/200.1105.1440.875/0.25.1920.986" timestamp="1770189929353" />
  </component>
</application>